t_s,sp_V,pv_V,error_V,u_V,dac_V
0.3,0.000,0.142,-0.142,0.000,0.000
0.8,0.000,0.142,-0.142,0.000,0.000
1.4,0.000,0.142,-0.142,0.000,0.000
1.8,0.000,0.142,-0.142,0.000,0.000
2.3,0.000,0.142,-0.142,0.000,0.000
2.8,0.000,0.142,-0.142,0.000,0.000
3.3,0.000,0.142,-0.142,0.000,0.000
3.8,0.000,0.142,-0.142,0.000,0.000
4.3,0.000,0.142,-0.142,0.000,0.000
4.8,0.000,0.142,-0.142,0.000,0.000
5.3,0.000,0.142,-0.142,0.000,0.000
5.8,0.000,0.143,-0.143,0.000,0.000
6.3,0.000,0.142,-0.142,0.000,0.000
6.8,0.000,0.142,-0.142,0.000,0.000
7.3,0.000,0.142,-0.142,0.000,0.000
7.9,0.000,0.142,-0.142,0.000,0.000
8.3,0.000,0.142,-0.142,0.000,0.000
8.9,0.000,0.142,-0.142,0.000,0.000
9.3,0.000,0.142,-0.142,0.000,0.000
9.8,0.000,0.142,-0.142,0.000,0.000
10.3,0.000,0.142,-0.142,0.000,0.000
10.8,0.000,0.142,-0.142,0.000,0.000
11.3,0.000,0.142,-0.142,0.000,0.000
11.8,0.000,0.142,-0.142,0.000,0.000
12.3,0.000,0.142,-0.142,0.000,0.000
12.9,0.000,0.142,-0.142,0.000,0.000
13.3,0.000,0.142,-0.142,0.000,0.000
13.8,0.000,0.142,-0.142,0.000,0.000
14.3,0.000,0.142,-0.142,0.000,0.000
14.8,0.000,0.142,-0.142,0.000,0.000
15.3,0.000,0.142,-0.142,0.000,0.000
15.8,0.000,0.142,-0.142,0.000,0.000
16.3,0.000,0.142,-0.142,0.000,0.000
16.8,0.000,0.142,-0.142,0.000,0.000
17.3,0.000,0.142,-0.142,0.000,0.000
17.8,0.000,0.142,-0.142,0.000,0.000
18.3,0.000,0.142,-0.142,0.000,0.000
18.8,0.000,0.142,-0.142,0.000,0.000
19.3,0.000,0.142,-0.142,0.000,0.000
19.8,0.000,0.142,-0.142,0.000,0.000
20.4,0.000,0.142,-0.142,0.000,0.000
20.8,0.000,0.142,-0.142,0.000,0.000
21.3,0.000,0.142,-0.142,0.000,0.000
21.9,0.000,0.142,-0.142,0.000,0.000
22.3,2.000,0.142,1.858,1.858,1.864
22.8,2.000,0.493,1.507,1.507,1.501
23.3,2.000,0.687,1.313,1.313,1.307
23.8,2.000,0.800,1.200,1.200,1.204
24.3,2.000,0.880,1.120,1.120,1.126
24.9,2.000,0.931,1.069,1.069,1.074
25.3,2.000,0.962,1.038,1.038,1.035
25.8,2.000,0.972,1.028,1.028,1.022
26.3,2.000,0.990,1.010,1.010,1.009
26.8,2.000,0.999,1.001,1.001,0.996
27.3,2.000,1.003,0.997,0.997,0.996
27.8,2.000,1.009,0.991,0.991,0.996
28.3,2.000,1.010,0.990,0.990,0.984
28.8,2.000,1.011,0.989,0.989,0.984
29.4,2.000,1.015,0.985,0.985,0.984
29.8,2.000,1.016,0.984,0.984,0.984
30.3,2.000,1.010,0.990,0.990,0.984
30.8,2.000,1.011,0.989,0.989,0.984
31.3,2.000,1.011,0.989,0.989,0.984
31.8,2.000,1.012,0.988,0.988,0.984
32.3,2.000,1.011,0.989,0.989,0.984
32.8,2.000,1.012,0.988,0.988,0.984
33.4,2.000,1.018,0.982,0.982,0.984
33.8,2.000,1.017,0.984,0.984,0.984
34.3,2.000,1.008,0.992,0.992,0.996
34.8,2.000,1.012,0.988,0.988,0.984
35.3,2.000,1.021,0.979,0.979,0.984
35.8,2.000,1.021,0.979,0.979,0.984
36.3,2.000,1.015,0.985,0.985,0.984
36.8,2.000,1.014,0.986,0.986,0.984
37.4,2.000,1.020,0.980,0.980,0.984
37.8,2.000,1.021,0.979,0.979,0.984
38.3,2.000,1.021,0.979,0.979,0.984
38.8,2.000,1.014,0.986,0.986,0.984
39.3,2.000,1.013,0.987,0.987,0.984
39.8,2.000,1.014,0.986,0.986,0.984
40.3,2.000,1.014,0.986,0.986,0.984
40.8,2.000,1.014,0.986,0.986,0.984
41.3,2.000,1.015,0.985,0.985,0.984
41.9,2.000,1.020,0.980,0.980,0.984
42.3,2.000,1.022,0.978,0.978,0.984
42.8,2.000,1.012,0.988,0.988,0.984
43.3,2.000,1.014,0.986,0.986,0.984
43.8,2.000,1.013,0.987,0.987,0.984
44.3,2.000,1.015,0.985,0.985,0.984
44.8,2.000,1.015,0.985,0.985,0.984
45.3,2.000,1.014,0.986,0.986,0.984
45.9,2.000,1.021,0.979,0.979,0.984
46.3,2.000,1.022,0.978,0.978,0.984
46.8,2.000,1.022,0.978,0.978,0.984
47.3,2.000,1.011,0.989,0.989,0.984
47.8,2.000,1.014,0.986,0.986,0.984
48.3,2.000,1.014,0.986,0.986,0.984
48.8,2.000,1.014,0.986,0.986,0.984
49.3,2.000,1.013,0.987,0.987,0.984
49.8,2.000,1.011,0.989,0.989,0.984
50.3,2.000,1.010,0.990,0.990,0.984
50.8,2.000,1.017,0.983,0.983,0.984
51.3,2.000,1.010,0.990,0.990,0.984
51.8,2.000,1.013,0.987,0.987,0.984
52.3,2.000,1.012,0.988,0.988,0.984
52.8,2.000,1.014,0.986,0.986,0.984
53.3,2.000,1.013,0.987,0.987,0.984
53.8,2.000,1.014,0.986,0.986,0.984
54.3,2.000,1.014,0.986,0.986,0.984
54.9,2.000,1.020,0.980,0.980,0.984
55.3,2.000,1.021,0.979,0.979,0.984
55.8,2.000,1.014,0.986,0.986,0.984
56.3,2.000,1.013,0.987,0.987,0.984
56.8,2.000,1.013,0.987,0.987,0.984
57.3,2.000,1.014,0.986,0.986,0.984
57.8,2.000,1.014,0.986,0.986,0.984
58.3,2.000,1.015,0.985,0.985,0.984
58.8,2.000,1.015,0.985,0.985,0.984
59.3,2.000,1.022,0.978,0.978,0.984
59.8,2.000,1.014,0.986,0.986,0.984
60.3,2.000,1.013,0.987,0.987,0.984
60.8,2.000,1.013,0.987,0.987,0.984
61.3,2.000,1.014,0.986,0.986,0.984
61.8,2.000,1.022,0.978,0.978,0.984
62.4,2.000,1.022,0.978,0.978,0.984
62.9,2.000,1.021,0.979,0.979,0.984
63.3,2.000,1.013,0.987,0.987,0.984
